Hora de Solicitud,Hora de Respuesta,Respuesta del Endpoint,Email
Sat May 11 22:58:08 2024,Sat May 11 22:58:10 2024,"['Mensaje enviado correctamente a la cola SQS.', 201]",hqbbgdbj@outlook.com
Sat May 11 22:58:08 2024,Sat May 11 22:58:10 2024,"['Mensaje enviado correctamente a la cola SQS.', 201]",rlsffdho@outlook.com
Sat May 11 22:58:08 2024,Sat May 11 22:58:10 2024,"['Mensaje enviado correctamente a la cola SQS.', 201]",hfiyeewo@gmail.com
Sat May 11 22:58:08 2024,Sat May 11 22:58:10 2024,"['Mensaje enviado correctamente a la cola SQS.', 201]",uvtrlxwo@gmail.com
Sat May 11 22:58:08 2024,Sat May 11 22:58:10 2024,"['Mensaje enviado correctamente a la cola SQS.', 201]",inorucjc@yahoo.com
Sat May 11 23:01:29 2024,Sat May 11 23:01:29 2024,"['Mensaje enviado correctamente a la cola SQS.', 201]",xbgrzumq@gmail.com
Sat May 11 23:01:32 2024,Sat May 11 23:01:32 2024,"['Mensaje enviado correctamente a la cola SQS.', 201]",xbfbxoak@yahoo.com
Sat May 11 23:01:33 2024,Sat May 11 23:01:33 2024,"['Mensaje enviado correctamente a la cola SQS.', 201]",qyyypdqu@yahoo.com
Sat May 11 23:01:34 2024,Sat May 11 23:01:34 2024,"['Mensaje enviado correctamente a la cola SQS.', 201]",ufikxgim@outlook.com
Sat May 11 23:01:35 2024,Sat May 11 23:01:36 2024,"['Mensaje enviado correctamente a la cola SQS.', 201]",hgadeafl@outlook.com
Sat May 11 23:01:36 2024,Sat May 11 23:01:37 2024,"['Mensaje enviado correctamente a la cola SQS.', 201]",gphaexmr@yahoo.com
Sat May 11 23:01:37 2024,Sat May 11 23:01:38 2024,"['Mensaje enviado correctamente a la cola SQS.', 201]",weypymty@outlook.com
Sat May 11 23:01:38 2024,Sat May 11 23:01:39 2024,"['Mensaje enviado correctamente a la cola SQS.', 201]",ervoocbz@yahoo.com
Sat May 11 23:01:39 2024,Sat May 11 23:01:40 2024,"['Mensaje enviado correctamente a la cola SQS.', 201]",mnczuktu@yahoo.com
Sat May 11 23:01:40 2024,Sat May 11 23:01:41 2024,"['Mensaje enviado correctamente a la cola SQS.', 201]",ugfonzhs@yahoo.com
Sat May 11 23:02:18 2024,Sat May 11 23:02:19 2024,"['Mensaje enviado correctamente a la cola SQS.', 201]",bqpzdtoi@outlook.com
Sat May 11 23:02:20 2024,Sat May 11 23:02:21 2024,"['Mensaje enviado correctamente a la cola SQS.', 201]",ajpymxhw@gmail.com
Sat May 11 23:02:21 2024,Sat May 11 23:02:22 2024,"['Mensaje enviado correctamente a la cola SQS.', 201]",nrucdvrk@gmail.com
Sat May 11 23:02:22 2024,Sat May 11 23:02:23 2024,"['Mensaje enviado correctamente a la cola SQS.', 201]",nclmisgu@gmail.com
Sat May 11 23:02:23 2024,Sat May 11 23:02:24 2024,"['Mensaje enviado correctamente a la cola SQS.', 201]",ycbkrxep@yahoo.com
Sat May 11 23:02:25 2024,Sat May 11 23:02:25 2024,"['Mensaje enviado correctamente a la cola SQS.', 201]",fsbexkay@yahoo.com
Sat May 11 23:02:26 2024,Sat May 11 23:02:26 2024,"['Mensaje enviado correctamente a la cola SQS.', 201]",qzmszqpf@gmail.com
Sat May 11 23:02:26 2024,Sat May 11 23:02:27 2024,"['Mensaje enviado correctamente a la cola SQS.', 201]",jeetoycg@yahoo.com
